Id,GrLivArea,BedroomAbvGr,FullBath,HalfBath,SalePrice
1,1710,3,2,1,208500
2,1262,3,2,0,181500
3,1786,3,2,1,223500
4,1717,3,1,0,140000
5,2198,4,2,1,250000
6,1362,1,1,1,143000
7,1694,3,2,0,307000
8,2090,3,2,1,200000
9,1774,2,2,0,129900
10,1077,2,1,0,118000
11,1040,3,1,0,129500
12,2324,4,3,0,345000
13,912,2,1,0,144000
14,1494,3,2,0,279500
15,1253,2,1,1,157000
16,854,2,1,0,132000
17,1004,2,1,0,149000
18,1296,2,2,0,90000
19,1114,3,1,1,159000
20,1339,3,1,0,139000
21,2376,4,3,1,325300
22,1108,3,1,0,139400
23,1795,3,2,0,230000
24,1060,3,1,0,129900
25,1060,3,1,0,154000
26,1600,3,2,0,256300
27,900,3,1,0,134800
28,1704,3,2,0,306000
29,1600,2,1,0,207500
30,520,1,1,0,68500
31,1317,3,1,0,40000
32,1228,3,1,1,149350
33,1234,3,2,0,179900
34,1700,4,1,1,165500
35,1561,2,2,0,277500
36,2452,4,3,1,309000
37,1097,3,1,1,145000
38,1297,3,1,0,153000
39,1057,3,1,0,109000
40,1152,2,2,0,82000
41,1324,3,2,0,160000
42,1990,2,1,1,170000
43,884,2,1,0,144000
44,938,3,1,0,130250
45,1150,3,1,0,141000
46,1752,2,2,0,319900
47,2649,1,1,1,239686
48,1656,3,2,0,249700
49,1452,2,2,0,113000
50,955,3,1,0,127000
51,1470,3,2,0,177000
52,1176,3,1,0,114500
53,816,2,1,0,110000
54,1842,3,0,1,385000
55,1374,3,1,0,130000
56,1425,3,2,0,180500
57,1601,2,2,1,172500
58,1720,3,2,1,196500
59,2945,3,3,1,438780
60,780,2,1,0,124900
61,1158,3,1,1,158000
62,1110,3,1,0,101000
63,2330,4,2,1,202500
64,1710,3,2,0,140000
65,2030,3,2,1,219500
66,2472,4,2,1,317000
67,2207,3,2,0,180000
68,1440,3,2,0,226000
69,835,2,1,0,80000
70,2287,3,2,0,225000
71,2223,3,2,0,244000
72,845,2,1,0,129500
73,1718,3,2,1,185000
74,1086,3,1,0,144900
75,1605,3,2,0,107400
76,988,2,1,1,91000
77,952,2,1,0,135750
78,1285,2,1,0,127000
79,1768,4,2,0,136500
80,1230,2,1,1,110000
81,2140,3,2,1,193500
82,1600,2,2,0,153500
83,1563,3,2,0,245000
84,1065,3,1,1,126500
85,1474,3,2,1,168500
86,2417,4,2,1,260000
87,1560,3,2,1,174000
88,1224,2,2,1,164500
89,1526,2,1,0,85000
90,990,3,1,0,123600
91,1040,2,1,0,109900
92,1235,2,1,0,98600
93,964,2,1,0,163500
94,2291,4,2,0,133900
95,1786,3,2,0,204750
96,1470,3,2,1,185000
97,1588,3,2,0,214000
98,960,3,1,0,94750
99,835,2,1,0,83000
100,1225,3,1,0,128950
101,1810,3,2,1,205000
102,1732,3,2,1,178000
103,1535,4,2,0,130000
104,1226,3,2,0,198900
105,1818,3,1,1,169500
106,1992,3,2,1,250000
107,1058,2,1,0,100000
108,789,2,1,0,115000
109,1517,3,2,0,115000
110,1844,3,2,0,190000
111,1988,4,2,1,136900
112,1430,3,2,1,180000
113,2696,4,2,1,383970
114,2259,3,2,0,217000
115,2097,4,2,1,259500
116,1458,2,1,1,176000
117,1092,3,1,0,114000
118,1125,2,1,0,155000
119,3228,4,3,0,320000
120,1456,3,2,1,163990
